form,effective,published,amount,citation,fr_document,url,source_sentence
G-1041,2010-11-23,2010-09-24,20,75 FR 58962,2010-23725,https://www.federalregister.gov/documents/2010/09/24/2010-23725/us-citizenship-and-immigration-services-fee-schedule,(E) Request for a search of indices to historical records to be used in genealogical research (Form G-1041): $20.
G-1041,2016-12-23,2016-10-24,65,81 FR 73292,2016-25328,https://www.federalregister.gov/documents/2016/10/24/2016-25328/us-citizenship-and-immigration-services-fee-schedule,"(E) Request for a search of indices to historical records to be used in genealogical research, Form G-1041: $65."
G-1041,2024-04-01,2024-01-31,80,89 FR 6194,2024-01427,https://www.federalregister.gov/documents/2024/01/31/2024-01427/us-citizenship-and-immigration-services-fee-schedule-and-changes-to-certain-other-immigration,"(1) Genealogy Index Search Request, Form G-1041. The fee is due regardless of the search results. $80."
G-1041A,2016-12-23,2016-10-24,65,81 FR 73292,2016-25328,https://www.federalregister.gov/documents/2016/10/24/2016-25328/us-citizenship-and-immigration-services-fee-schedule,"(F) Request for a copy of historical records to be used in genealogical research, Form G-1041A: $65."
G-1041A,2024-04-01,2024-01-31,80,89 FR 6194,2024-01427,https://www.federalregister.gov/documents/2024/01/31/2024-01427/us-citizenship-and-immigration-services-fee-schedule-and-changes-to-certain-other-immigration,"(2) Genealogy Records Request, Form G-1041A. USCIS will refund the records request fee when it cannot find any file previously identified in response to the index search request. $80."
I-102,2010-11-23,2010-09-24,330,75 FR 58962,2010-23725,https://www.federalregister.gov/documents/2010/09/24/2010-23725/us-citizenship-and-immigration-services-fee-schedule,"(H) Application for Replacement/Initial Nonimmigrant Arrival- Departure Document (Form I-102). For filing a petition for an application for Arrival/De [...] s Landing Permit (Form I-95), in lieu of one lost, mutilated, or destroyed: $330."
I-102,2016-12-23,2016-10-24,445,81 FR 73292,2016-25328,https://www.federalregister.gov/documents/2016/10/24/2016-25328/us-citizenship-and-immigration-services-fee-schedule,"(H) Application for Replacement/Initial Nonimmigrant Arrival- Departure Document, Form I-102. For filing a petition for an application for Arrival/Dep [...] n's Landing Permit Form I-95, to replace one lost, mutilated, or destroyed: $445."
I-102,2024-04-01,2024-01-31,560,89 FR 6194,2024-01427,https://www.federalregister.gov/documents/2024/01/31/2024-01427/us-citizenship-and-immigration-services-fee-schedule-and-changes-to-certain-other-immigration,"(2) Application for Replacement/Initial Nonimmigrant Arrival- Departure Document, Form I-102. For filing an application for Arrival/ Departure Record  [...] n's Landing Permit Form I-95, to replace one lost, mutilated, or destroyed: $560."
I-129,2010-11-23,2010-09-24,325,75 FR 58962,2010-23725,https://www.federalregister.gov/documents/2010/09/24/2010-23725/us-citizenship-and-immigration-services-fee-schedule,(I) Petition for a Nonimmigrant Worker (Form I-129). For filing a petition for a nonimmigrant worker: $325.
I-129,2016-12-23,2016-10-24,460,81 FR 73292,2016-25328,https://www.federalregister.gov/documents/2016/10/24/2016-25328/us-citizenship-and-immigration-services-fee-schedule,"(I) Petition for a Nonimmigrant Worker, Form I-129. For filing a petition for a nonimmigrant worker: $460."
I-129F,2010-11-23,2010-09-24,340,75 FR 58962,2010-23725,https://www.federalregister.gov/documents/2010/09/24/2010-23725/us-citizenship-and-immigration-services-fee-schedule,(K) Petition for Alien Fianc[eacute](e) (Form I-129F). For filing a petition to classify a nonimmigrant as a fianc[eacute]e or fianc[eacute] under section 214(d) of the Act: $340;
I-129F,2016-12-23,2016-10-24,535,81 FR 73292,2016-25328,https://www.federalregister.gov/documents/2016/10/24/2016-25328/us-citizenship-and-immigration-services-fee-schedule,"(K) Petition for Alien Fianc[eacute](e), Form I-129F. For filing a petition to classify a nonimmigrant as a fianc[eacute]e or fianc[eacute] under section 214(d) of the Act: $535;"
I-130,2010-11-23,2010-09-24,420,75 FR 58962,2010-23725,https://www.federalregister.gov/documents/2010/09/24/2010-23725/us-citizenship-and-immigration-services-fee-schedule,(L) Petition for Alien Relative (Form I-130). For filing a petition to classify status of an alien relative for issuance of an immigrant visa under section 204(a) of the Act: $420.
I-130,2016-12-23,2016-10-24,535,81 FR 73292,2016-25328,https://www.federalregister.gov/documents/2016/10/24/2016-25328/us-citizenship-and-immigration-services-fee-schedule,"(L) Petition for Alien Relative, Form I-130. For filing a petition to classify status of a foreign national relative for issuance of an immigrant visa under section 204(a) of the Act: $535."
I-130,2024-04-01,2024-01-31,675,89 FR 6194,2024-01427,https://www.federalregister.gov/documents/2024/01/31/2024-01427/us-citizenship-and-immigration-services-fee-schedule-and-changes-to-certain-other-immigration,"(6) Petition for Alien Relative, Form I-130. For filing a petition to classify status of a foreign national relative for issuance of an immigrant visa under section 204(a) of the Act. $675."
I-140,2010-11-23,2010-09-24,580,75 FR 58962,2010-23725,https://www.federalregister.gov/documents/2010/09/24/2010-23725/us-citizenship-and-immigration-services-fee-schedule,(N) Immigrant Petition for Alien Worker (Form I-140). For filing a petition to classify preference status of an alien on the basis of profession or occupation under section 204(a) of the Act: $580.
I-140,2016-12-23,2016-10-24,700,81 FR 73292,2016-25328,https://www.federalregister.gov/documents/2016/10/24/2016-25328/us-citizenship-and-immigration-services-fee-schedule,"(N) Immigrant Petition for Alien Worker, Form I-140. For filing a petition to classify preference status of an alien on the basis of profession or occupation under section 204(a) of the Act: $700."
I-140,2024-04-01,2024-01-31,715,89 FR 6194,2024-01427,https://www.federalregister.gov/documents/2024/01/31/2024-01427/us-citizenship-and-immigration-services-fee-schedule-and-changes-to-certain-other-immigration,"(11) Immigrant Petition for Alien Worker, Form I-140. For filing a petition to classify preference status of an alien based on profession or occupation under section 204(a) of the Act: $715."
I-192,2004-04-30,2004-04-15,250,69 FR 20528,04-8699,https://www.federalregister.gov/documents/2004/04/15/04-8699/adjustment-of-the-immigration-benefit-application-fee-schedule,(c) of the Act--$250.
I-192,2007-07-30,2007-05-30,545,72 FR 29851,E7-10371,https://www.federalregister.gov/documents/2007/05/30/E7-10371/adjustment-of-the-immigration-and-naturalization-benefit-application-and-petition-fee-schedule,(c) of the Act--$545.
I-193,2004-04-30,2004-04-15,250,69 FR 20528,04-8699,https://www.federalregister.gov/documents/2004/04/15/04-8699/adjustment-of-the-immigration-benefit-application-fee-schedule,"(3) of the Act, except in an emergency case, or where the approval of the application is in the interest of the United States Government--$250."
I-193,2007-07-30,2007-05-30,545,72 FR 29851,E7-10371,https://www.federalregister.gov/documents/2007/05/30/E7-10371/adjustment-of-the-immigration-and-naturalization-benefit-application-and-petition-fee-schedule,"(3) of the Act, except in an emergency case, or where the approval of the application is in the interest of the United States Government--$545."
I-193,2010-11-23,2010-09-24,585,75 FR 58962,2010-23725,https://www.federalregister.gov/documents/2010/09/24/2010-23725/us-citizenship-and-immigration-services-fee-schedule,(Q) Application for Waiver for Passport and/or Visa (Form I-193). For filing an application for waiver of passport and/or visa: $585.
I-193,2016-12-23,2016-10-24,585,81 FR 73292,2016-25328,https://www.federalregister.gov/documents/2016/10/24/2016-25328/us-citizenship-and-immigration-services-fee-schedule,"(Q) Application for Waiver for Passport and/or Visa, Form I-193. For filing an application for waiver of passport and/or visa: $585."
I-193,2024-04-01,2024-01-31,695,89 FR 6194,2024-01427,https://www.federalregister.gov/documents/2024/01/31/2024-01427/us-citizenship-and-immigration-services-fee-schedule-and-changes-to-certain-other-immigration,"(14) Application for Waiver of Passport and/or Visa, Form I-193. For filing an application for waiver of passport and/or visa: $695."
I-212,2010-11-23,2010-09-24,585,75 FR 58962,2010-23725,https://www.federalregister.gov/documents/2010/09/24/2010-23725/us-citizenship-and-immigration-services-fee-schedule,(R) Application for Permission to Reapply for Admission into the United States After Deportation or Removal (Form I-212). For filing an application fo [...] an alien who has been removed at government expense in lieu of deportation: $585.
I-212,2016-12-23,2016-10-24,930,81 FR 73292,2016-25328,https://www.federalregister.gov/documents/2016/10/24/2016-25328/us-citizenship-and-immigration-services-fee-schedule,"(R) Application for Permission to Reapply for Admission into the United States After Deportation or Removal, Form I-212. For filing an application for [...] an alien who has been removed at government expense instead of deportation: $930."
I-212,2024-04-01,2024-01-31,1175,89 FR 6194,2024-01427,https://www.federalregister.gov/documents/2024/01/31/2024-01427/us-citizenship-and-immigration-services-fee-schedule-and-changes-to-certain-other-immigration,"(15) Application for Permission to Reapply for Admission into the United States After Deportation or Removal, Form I-212. For filing an application fo [...] s an alien enemy; or an alien who has been removed at Government expense: $1,175."
I-246,2010-11-23,2010-09-24,155,75 FR 58962,2010-23725,https://www.federalregister.gov/documents/2010/09/24/2010-23725/us-citizenship-and-immigration-services-fee-schedule,(F) Form I-246. For filing application for stay of deportation under 8 CFR part 243: $155.00.
I-246,2024-04-01,2024-01-31,155,89 FR 6194,2024-01427,https://www.federalregister.gov/documents/2024/01/31/2024-01427/us-citizenship-and-immigration-services-fee-schedule-and-changes-to-certain-other-immigration,(6) Form I-246. For filing application for stay of deportation under 8 CFR part 243: $155.00.
I-290B,2010-11-23,2010-09-24,630,75 FR 58962,2010-23725,https://www.federalregister.gov/documents/2010/09/24/2010-23725/us-citizenship-and-immigration-services-fee-schedule,(S) Notice of Appeal or Motion (Form I-290B). For appealing a decision under the immigration laws in any type of proceeding over which the Board of Immigration Appeals does not have appellate jurisdiction: $630.
I-290B,2016-12-23,2016-10-24,675,81 FR 73292,2016-25328,https://www.federalregister.gov/documents/2016/10/24/2016-25328/us-citizenship-and-immigration-services-fee-schedule,"(S) Notice of Appeal or Motion, Form I-290B. For appealing a decision under the immigration laws in any type of proceeding over which the Board of Immigration Appeals does not have appellate jurisdiction: $675."
I-290B,2024-04-01,2024-01-31,675,89 FR 6194,2024-01427,https://www.federalregister.gov/documents/2024/01/31/2024-01427/us-citizenship-and-immigration-services-fee-schedule-and-changes-to-certain-other-immigration,(15) Notice of Appeal or Motion (Form I-290B) filed with ICE SEVP. For a Form I-290B filed with the Student and Exchange Visitor Program (SEVP): $675.
I-360,2010-11-23,2010-09-24,405,75 FR 58962,2010-23725,https://www.federalregister.gov/documents/2010/09/24/2010-23725/us-citizenship-and-immigration-services-fee-schedule,"(T) Petition for Amerasian, Widow(er), or Special Immigrant (Form I-360). For filing a petition for an Amerasian, Widow(er), or Special Immigrant: $405."
I-360,2016-12-23,2016-10-24,435,81 FR 73292,2016-25328,https://www.federalregister.gov/documents/2016/10/24/2016-25328/us-citizenship-and-immigration-services-fee-schedule,"(T) Petition for Amerasian, Widow(er), or Special Immigrant, Form I-360. For filing a petition for an Amerasian, Widow(er), or Special Immigrant: $435."
I-360,2024-04-01,2024-01-31,515,89 FR 6194,2024-01427,https://www.federalregister.gov/documents/2024/01/31/2024-01427/us-citizenship-and-immigration-services-fee-schedule-and-changes-to-certain-other-immigration,"(17) Petition for Amerasian, Widow(er), or Special Immigrant, Form I-360: $515."
I-526,2010-11-23,2010-09-24,1500,75 FR 58962,2010-23725,https://www.federalregister.gov/documents/2010/09/24/2010-23725/us-citizenship-and-immigration-services-fee-schedule,"(W) Immigrant Petition by Alien Entrepreneur (Form I-526). For filing a petition for an alien entrepreneur: $1,500."
I-526,2016-12-23,2016-10-24,3675,81 FR 73292,2016-25328,https://www.federalregister.gov/documents/2016/10/24/2016-25328/us-citizenship-and-immigration-services-fee-schedule,"(W) Immigrant Petition by Alien Entrepreneur, Form I-526. For filing a petition for an alien entrepreneur: $3,675."
I-526,2024-04-01,2024-01-31,11160,89 FR 6194,2024-01427,https://www.federalregister.gov/documents/2024/01/31/2024-01427/us-citizenship-and-immigration-services-fee-schedule-and-changes-to-certain-other-immigration,"(i) Immigrant Petition by Standalone Investor, Form I-526: $11,160."
I-539,2010-11-23,2010-09-24,290,75 FR 58962,2010-23725,https://www.federalregister.gov/documents/2010/09/24/2010-23725/us-citizenship-and-immigration-services-fee-schedule,(X) Application To Extend/Change Nonimmigrant Status (Form I-539). For filing an application to extend or change nonimmigrant status: $290.
I-539,2016-12-23,2016-10-24,370,81 FR 73292,2016-25328,https://www.federalregister.gov/documents/2016/10/24/2016-25328/us-citizenship-and-immigration-services-fee-schedule,"(X) Application To Extend/Change Nonimmigrant Status, Form I-539. For filing an application to extend or change nonimmigrant status: $370."
I-539,2024-04-01,2024-01-31,470,89 FR 6194,2024-01427,https://www.federalregister.gov/documents/2024/01/31/2024-01427/us-citizenship-and-immigration-services-fee-schedule-and-changes-to-certain-other-immigration,"(26) Application To Extend/Change Nonimmigrant Status, Form I-539. For certain nonimmigrants to extend their stay or change to another nonimmigrant st [...]  seeking V nonimmigrant status or an extension of stay as a V nonimmigrant. $470."
I-600,2004-04-30,2004-04-15,525,69 FR 20528,04-8699,https://www.federalregister.gov/documents/2004/04/15/04-8699/adjustment-of-the-immigration-benefit-application-fee-schedule,"* * * * * Form I-600. For filing a petition to classify an orphan as an immediate relative for issuance of an immigrant visa under section 204(a) of t [...] lf of orphans who are brothers or sisters, only one fee will be required.)--$525."
I-600,2007-07-30,2007-05-30,670,72 FR 29851,E7-10371,https://www.federalregister.gov/documents/2007/05/30/E7-10371/adjustment-of-the-immigration-and-naturalization-benefit-application-and-petition-fee-schedule,"* * * * * Form I-600. For filing a petition to classify an orphan as an immediate [[Page 29874]] relative for issuance of an immigrant visa under sect [...] lf of orphans who are brothers or sisters, only one fee will be required.)--$670."
I-612,2010-11-23,2010-09-24,585,75 FR 58962,2010-23725,https://www.federalregister.gov/documents/2010/09/24/2010-23725/us-citizenship-and-immigration-services-fee-schedule,(BB) Application for Waiver of the Foreign Residence Requirement (under Section 212(e) of the Act) (Form I-612). For filing an application for waiver of the foreign residence requirement under section 212(e) of the Act: $585.
I-612,2016-12-23,2016-10-24,930,81 FR 73292,2016-25328,https://www.federalregister.gov/documents/2016/10/24/2016-25328/us-citizenship-and-immigration-services-fee-schedule,"(CC) Application for Waiver of the Foreign Residence Requirement (under Section 212(e) of the Immigration and Nationality Act, as Amended), Form I-612 [...] aiver of the foreign-residence requirement under section 212(e) of the Act: $930."
I-612,2024-04-01,2024-01-31,1100,89 FR 6194,2024-01427,https://www.federalregister.gov/documents/2024/01/31/2024-01427/us-citizenship-and-immigration-services-fee-schedule-and-changes-to-certain-other-immigration,"(36) Application for Waiver of the Foreign Residence Requirement (under Section 212(e) of the Immigration and Nationality Act, as Amended), Form I-612 [...] lies to apply for a waiver of the two-year foreign residence requirement. $1,100."
I-687,2010-11-23,2010-09-24,1130,75 FR 58962,2010-23725,https://www.federalregister.gov/documents/2010/09/24/2010-23725/us-citizenship-and-immigration-services-fee-schedule,"(CC) Application for Status as a Temporary Resident under Section 245A of the Act (Form I-687). For filing an application for status as a temporary resident under section 245A(a) of the Act: $1,130."
I-687,2016-12-23,2016-10-24,1130,81 FR 73292,2016-25328,https://www.federalregister.gov/documents/2016/10/24/2016-25328/us-citizenship-and-immigration-services-fee-schedule,"(DD) Application for Status as a Temporary Resident under Section 245A of the Immigration and Nationality Act, Form I-687. For filing an application for status as a temporary resident under section 245A(a) of the Act: $1,130."
I-687,2024-04-01,2024-01-31,1240,89 FR 6194,2024-01427,https://www.federalregister.gov/documents/2024/01/31/2024-01427/us-citizenship-and-immigration-services-fee-schedule-and-changes-to-certain-other-immigration,"(37) Application for Status as a Temporary Resident under Section 245A of the Immigration and Nationality Act, Form I-687. To apply for a waiver of in [...]  applicant for adjustment of status under section 245A or 210 of the Act. $1,240."
I-694,2010-11-23,2010-09-24,755,75 FR 58962,2010-23725,https://www.federalregister.gov/documents/2010/09/24/2010-23725/us-citizenship-and-immigration-services-fee-schedule,"(EE) Notice of Appeal of Decision under Sections 245A or 210 of the Act (or a petition under section 210A of the Act) (Form I-694). For appealing the  [...] ctions 210 or 245A of the Act, or a petition under section 210A of the Act: $755."
I-694,2016-12-23,2016-10-24,890,81 FR 73292,2016-25328,https://www.federalregister.gov/documents/2016/10/24/2016-25328/us-citizenship-and-immigration-services-fee-schedule,"(FF) Notice of Appeal of Decision under Sections 245A or 210 of the Immigration and Nationality Act (or a petition under section 210A of the Act), For [...] ctions 210 or 245A of the Act, or a petition under section 210A of the Act: $890."
I-694,2024-04-01,2024-01-31,1125,89 FR 6194,2024-01427,https://www.federalregister.gov/documents/2024/01/31/2024-01427/us-citizenship-and-immigration-services-fee-schedule-and-changes-to-certain-other-immigration,"(40) Notice of Appeal of Decision under Sections 245A or 210 of the [[Page 6389]] Immigration and Nationality Act, Form I-694. For appealing the denia [...] tion 210 or 245A of the Act, or a petition under section 210A of the Act: $1,125."
I-698,2010-11-23,2010-09-24,1020,75 FR 58962,2010-23725,https://www.federalregister.gov/documents/2010/09/24/2010-23725/us-citizenship-and-immigration-services-fee-schedule,(FF) Application to Adjust Status from Temporary to Permanent Resident [[Page 58988]] (Under Section 245A of Public Law 99-603) (Form I-698). For fili [...] temporary to permanent resident (under section 245A of Public Law 99-603): $1020.
I-698,2016-12-23,2016-10-24,1670,81 FR 73292,2016-25328,https://www.federalregister.gov/documents/2016/10/24/2016-25328/us-citizenship-and-immigration-services-fee-schedule,"(GG) Application to Adjust Status from Temporary to Permanent Resident (Under Section 245A of Pub. L. 99-603), Form I-698. For filing an application t [...] m temporary to permanent resident (under section 245A of Pub. L. 99-603): $1,670."
I-698,2024-04-01,2024-01-31,1670,89 FR 6194,2024-01427,https://www.federalregister.gov/documents/2024/01/31/2024-01427/us-citizenship-and-immigration-services-fee-schedule-and-changes-to-certain-other-immigration,"(41) Application to Adjust Status from Temporary to Permanent Resident (Under Section 245A of the INA), Form I-698. For filing an application to adjus [...] m temporary to permanent resident (under section 245A of Pub. L. 99-603): $1,670."
I-751,2010-11-23,2010-09-24,505,75 FR 58962,2010-23725,https://www.federalregister.gov/documents/2010/09/24/2010-23725/us-citizenship-and-immigration-services-fee-schedule,(GG) Petition to Remove the Conditions of Residence based on marriage (Form I-751). For filing a petition to remove the conditions on residence based on marriage: $505.
I-751,2016-12-23,2016-10-24,595,81 FR 73292,2016-25328,https://www.federalregister.gov/documents/2016/10/24/2016-25328/us-citizenship-and-immigration-services-fee-schedule,"(HH) Petition to Remove Conditions on Residence, Form I-751. For filing a petition to remove the conditions on residence based on marriage: $595."
I-751,2024-04-01,2024-01-31,750,89 FR 6194,2024-01427,https://www.federalregister.gov/documents/2024/01/31/2024-01427/us-citizenship-and-immigration-services-fee-schedule-and-changes-to-certain-other-immigration,"(43) Petition to Remove Conditions on Residence, Form I-751. For filing a petition to remove the conditions on residence based on marriage: $750."
I-765,2010-11-23,2010-09-24,380,75 FR 58962,2010-23725,https://www.federalregister.gov/documents/2010/09/24/2010-23725/us-citizenship-and-immigration-services-fee-schedule,(HH) Application for Employment Authorization (Form I-765): $380;
I-765,2016-12-23,2016-10-24,410,81 FR 73292,2016-25328,https://www.federalregister.gov/documents/2016/10/24/2016-25328/us-citizenship-and-immigration-services-fee-schedule,"(II) Application for Employment Authorization, Form I-765. $410."
I-765,2024-04-01,2024-01-31,520,89 FR 6194,2024-01427,https://www.federalregister.gov/documents/2024/01/31/2024-01427/us-citizenship-and-immigration-services-fee-schedule-and-changes-to-certain-other-immigration,"(44) Application for Employment Authorization, Form I-765. To request employment authorization and/or an Employment Authorization Document (EAD). $520."
I-800A,2010-11-23,2010-09-24,720,75 FR 58962,2010-23725,https://www.federalregister.gov/documents/2010/09/24/2010-23725/us-citizenship-and-immigration-services-fee-schedule,(JJ) Application for Determination of Suitability to Adopt a Child from a Convention Country (Form I-800A). For filing an application for determination of suitability to adopt a child from a Convention country: $720.
I-800A,2016-12-23,2016-10-24,775,81 FR 73292,2016-25328,https://www.federalregister.gov/documents/2016/10/24/2016-25328/us-citizenship-and-immigration-services-fee-schedule,"(KK) Application for Determination of Suitability to Adopt a Child from a Convention Country, Form I-800A. For filing an application for determination of suitability to adopt a child from a convention country: $775."
I-800A,2024-04-01,2024-01-31,920,89 FR 6194,2024-01427,https://www.federalregister.gov/documents/2024/01/31/2024-01427/us-citizenship-and-immigration-services-fee-schedule-and-changes-to-certain-other-immigration,"(47) Application for Determination of Suitability to Adopt a Child from a Convention Country, Form I-800A. For filing an application for determination [...]  and eligibility to adopt a child from a Hague Adoption Convention country: $920."
I-817,2004-04-30,2004-04-15,195,69 FR 20528,04-8699,https://www.federalregister.gov/documents/2004/04/15/04-8699/adjustment-of-the-immigration-benefit-application-fee-schedule,* * * * * Form I-817. For filing an application for voluntary departure under the Family Unity Program--$195.
I-817,2007-07-30,2007-05-30,440,72 FR 29851,E7-10371,https://www.federalregister.gov/documents/2007/05/30/E7-10371/adjustment-of-the-immigration-and-naturalization-benefit-application-and-petition-fee-schedule,* * * * * Form I-817. For filing an application for voluntary departure under the Family Unity Program--$440.
I-817,2010-11-23,2010-09-24,435,75 FR 58962,2010-23725,https://www.federalregister.gov/documents/2010/09/24/2010-23725/us-citizenship-and-immigration-services-fee-schedule,(LL) Application for Family Unity Benefits (Form I-817). For filing an application for voluntary departure under the Family Unity Program: $435.
I-817,2016-12-23,2016-10-24,600,81 FR 73292,2016-25328,https://www.federalregister.gov/documents/2016/10/24/2016-25328/us-citizenship-and-immigration-services-fee-schedule,"(MM) Application for Family Unity Benefits, Form I-817. For filing an application for voluntary departure under the Family Unity Program: $600."
I-817,2024-04-01,2024-01-31,760,89 FR 6194,2024-01427,https://www.federalregister.gov/documents/2024/01/31/2024-01427/us-citizenship-and-immigration-services-fee-schedule-and-changes-to-certain-other-immigration,"(49) Application for Family Unity Benefits, Form I-817. For filing an application for voluntary departure under the Family Unity Program: $760."
I-821,2010-11-23,2010-09-24,50,75 FR 58962,2010-23725,https://www.federalregister.gov/documents/2010/09/24/2010-23725/us-citizenship-and-immigration-services-fee-schedule,(MM) Application for Temporary Protected Status (Form I-821). For first time applicants: $50.
I-821,2016-12-23,2016-10-24,50,81 FR 73292,2016-25328,https://www.federalregister.gov/documents/2016/10/24/2016-25328/us-citizenship-and-immigration-services-fee-schedule,"(NN) Application for Temporary Protected Status, Form I-821. For first time applicants: $50."
I-824,2010-11-23,2010-09-24,405,75 FR 58962,2010-23725,https://www.federalregister.gov/documents/2010/09/24/2010-23725/us-citizenship-and-immigration-services-fee-schedule,(NN) Application for Action on an Approved Application or Petition (Form I-824). For filing for action on an approved application or petition: $405.
I-824,2016-12-23,2016-10-24,465,81 FR 73292,2016-25328,https://www.federalregister.gov/documents/2016/10/24/2016-25328/us-citizenship-and-immigration-services-fee-schedule,"(OO) Application for Action on an Approved Application or Petition, Form I-824. For filing for action on an approved application or petition: $465."
I-824,2024-04-01,2024-01-31,590,89 FR 6194,2024-01427,https://www.federalregister.gov/documents/2024/01/31/2024-01427/us-citizenship-and-immigration-services-fee-schedule-and-changes-to-certain-other-immigration,"(52) Application for Action on an Approved Application or Petition, Form I-824. To request additional action on a previously approved benefit request. $590."
I-829,2010-11-23,2010-09-24,3750,75 FR 58962,2010-23725,https://www.federalregister.gov/documents/2010/09/24/2010-23725/us-citizenship-and-immigration-services-fee-schedule,"(OO) Petition by Entrepreneur to Remove Conditions (Form I-829). For filing a petition by entrepreneur to remove conditions: $3,750."
I-829,2016-12-23,2016-10-24,3750,81 FR 73292,2016-25328,https://www.federalregister.gov/documents/2016/10/24/2016-25328/us-citizenship-and-immigration-services-fee-schedule,"(PP) Petition by Entrepreneur to Remove Conditions, Form I-829. For filing a petition by entrepreneur to remove conditions: $3,750."
I-829,2024-04-01,2024-01-31,9525,89 FR 6194,2024-01427,https://www.federalregister.gov/documents/2024/01/31/2024-01427/us-citizenship-and-immigration-services-fee-schedule-and-changes-to-certain-other-immigration,"(53) Petition by Investor to Remove Conditions on Permanent Resident Status, Form I-829. For a conditional permanent resident who obtained status through qualified investment to remove the conditions on their residence. $9,525."
I-90,2004-04-30,2004-04-15,185,69 FR 20528,04-8699,https://www.federalregister.gov/documents/2004/04/15/04-8699/adjustment-of-the-immigration-benefit-application-fee-schedule,"* * * * * Form I-90. For filing an application for a Permanent Resident Card (Form I-551) in lieu of an obsolete card or in lieu of one lost, mutilated, or destroyed, or for a change in name--$185."
I-90,2007-07-30,2007-05-30,290,72 FR 29851,E7-10371,https://www.federalregister.gov/documents/2007/05/30/E7-10371/adjustment-of-the-immigration-and-naturalization-benefit-application-and-petition-fee-schedule,"* * * * * Form I-90. For filing an application for a Permanent Resident Card (Form I-551) in lieu of an obsolete card or in lieu of one lost, mutilated, or destroyed, or for a change in name--$290."
I-90,2010-11-23,2010-09-24,365,75 FR 58962,2010-23725,https://www.federalregister.gov/documents/2010/09/24/2010-23725/us-citizenship-and-immigration-services-fee-schedule,"(G) Application to Replace Permanent Resident Card (Form I-90). For filing an application for a Permanent Resident Card (Form I-551) in lieu of an obs [...] d or in lieu of one lost, mutilated, or destroyed, or for a change in name: $365."
I-90,2016-12-23,2016-10-24,455,81 FR 73292,2016-25328,https://www.federalregister.gov/documents/2016/10/24/2016-25328/us-citizenship-and-immigration-services-fee-schedule,"(G) Application to Replace Permanent Resident Card, Form I-90. For filing an application for a Permanent Resident Card, Form I-551, to replace an obso [...] d or to replace one lost, mutilated, or destroyed, or for a change in name: $455."
I-90,2024-04-01,2024-01-31,465,89 FR 6194,2024-01427,https://www.federalregister.gov/documents/2024/01/31/2024-01427/us-citizenship-and-immigration-services-fee-schedule-and-changes-to-certain-other-immigration,"(1) Application to Replace Permanent Resident Card, Form I-90. For filing an application for a Permanent Resident Card, Form I-551, to replace an obso [...] rd or to replace one lost, mutilated, or destroyed, or for a change in name $465."
I-905,2010-11-23,2010-09-24,230,75 FR 58962,2010-23725,https://www.federalregister.gov/documents/2010/09/24/2010-23725/us-citizenship-and-immigration-services-fee-schedule,(QQ) Application for Authorization to Issue Certification for Health Care Workers (Form I-905): $230.
I-905,2016-12-23,2016-10-24,230,81 FR 73292,2016-25328,https://www.federalregister.gov/documents/2016/10/24/2016-25328/us-citizenship-and-immigration-services-fee-schedule,"(RR) Application for Authorization to Issue Certification for Health Care Workers, Form I-905: $230."
I-905,2024-04-01,2024-01-31,230,89 FR 6194,2024-01427,https://www.federalregister.gov/documents/2024/01/31/2024-01427/us-citizenship-and-immigration-services-fee-schedule-and-changes-to-certain-other-immigration,"(57) Application for Authorization to Issue Certification for Health Care Workers, Form I-905. For an organization to apply for authorization to issue certificates to health care workers. $230."
I-907,2010-11-23,2010-09-24,1225,75 FR 58962,2010-23725,https://www.federalregister.gov/documents/2010/09/24/2010-23725/us-citizenship-and-immigration-services-fee-schedule,"(RR) Request for Premium Processing Service (Form I-907). The fee must be paid in addition to, and in a separate remittance from, other filing fees. T [...] to the Consumer Price Index (CPI). The fee to request premium processing: $1,225."
I-907,2016-12-23,2016-10-24,1225,81 FR 73292,2016-25328,https://www.federalregister.gov/documents/2016/10/24/2016-25328/us-citizenship-and-immigration-services-fee-schedule,"(SS) Request for Premium Processing Service, Form I-907. $1,225."
I-910,2016-12-23,2016-10-24,785,81 FR 73292,2016-25328,https://www.federalregister.gov/documents/2016/10/24/2016-25328/us-citizenship-and-immigration-services-fee-schedule,"(TT) Application for Civil Surgeon Designation, Form I-910. For filing an application for civil surgeon designation: $785."
I-910,2024-04-01,2024-01-31,990,89 FR 6194,2024-01427,https://www.federalregister.gov/documents/2024/01/31/2024-01427/us-citizenship-and-immigration-services-fee-schedule-and-changes-to-certain-other-immigration,"(59) Request for Civil Surgeon Designation, Form I-910. To apply for civil surgeon designation. $990."
I-924,2010-11-23,2010-09-24,6230,75 FR 58962,2010-23725,https://www.federalregister.gov/documents/2010/09/24/2010-23725/us-citizenship-and-immigration-services-fee-schedule,"(TT) Application for Regional Center under the Immigrant Investor Pilot Program (Form I-924). For filing an application for regional center under the Immigrant Investor Pilot Program: $6,230."
I-924,2016-12-23,2016-10-24,17795,81 FR 73292,2016-25328,https://www.federalregister.gov/documents/2016/10/24/2016-25328/us-citizenship-and-immigration-services-fee-schedule,"(WW) Application for Regional Center Designation under the Immigrant Investor Program, Form I-924. For filing an application for regional center designation under the Immigrant Investor Program: $17,795."
I-929,2010-11-23,2010-09-24,215,75 FR 58962,2010-23725,https://www.federalregister.gov/documents/2010/09/24/2010-23725/us-citizenship-and-immigration-services-fee-schedule,(UU) Petition for Qualifying Family Member of a U-1 Nonimmigrant (Form I-929). For U-1 principal applicant to submit for each qualifying family member who plans to seek an immigrant visa or adjustment of U status: $215.
I-929,2016-12-23,2016-10-24,230,81 FR 73292,2016-25328,https://www.federalregister.gov/documents/2016/10/24/2016-25328/us-citizenship-and-immigration-services-fee-schedule,"(YY) Petition for Qualifying Family Member of a U-1 Nonimmigrant, Form I-929. For U-1 principal applicant to submit for each qualifying family member who plans to seek an immigrant visa or adjustment of U status: $230."
I-94,2010-11-23,2010-09-24,6,75 FR 58962,2010-23725,https://www.federalregister.gov/documents/2010/09/24/2010-23725/us-citizenship-and-immigration-services-fee-schedule,(D) Form I-94. For issuance of Arrival/Departure Record at a land border port-of-entry: $6.00.
I-94,2024-04-01,2024-01-31,6,89 FR 6194,2024-01427,https://www.federalregister.gov/documents/2024/01/31/2024-01427/us-citizenship-and-immigration-services-fee-schedule-and-changes-to-certain-other-immigration,(4) Form I-94. For issuance of Arrival/Departure Record at a land border port-of-entry: $6.00.
I-94W,2010-11-23,2010-09-24,6,75 FR 58962,2010-23725,https://www.federalregister.gov/documents/2010/09/24/2010-23725/us-citizenship-and-immigration-services-fee-schedule,(E) Form I-94W. For issuance of Nonimmigrant Visa Waiver Arrival/ Departure Form at a land border port-of-entry under section 217 of the Act: $6.00.
I-94W,2024-04-01,2024-01-31,6,89 FR 6194,2024-01427,https://www.federalregister.gov/documents/2024/01/31/2024-01427/us-citizenship-and-immigration-services-fee-schedule-and-changes-to-certain-other-immigration,(5) Form I-94W. For issuance of Nonimmigrant Visa Waiver Arrival/ Departure Form at a land border port-of-entry under section 217 of the Act: $6.00.
N-300,2010-11-23,2010-09-24,250,75 FR 58962,2010-23725,https://www.federalregister.gov/documents/2010/09/24/2010-23725/us-citizenship-and-immigration-services-fee-schedule,(VV) Application to File Declaration of Intention (Form N-300). For filing an application for declaration of intention to become a U.S. citizen: $250.
N-300,2016-12-23,2016-10-24,270,81 FR 73292,2016-25328,https://www.federalregister.gov/documents/2016/10/24/2016-25328/us-citizenship-and-immigration-services-fee-schedule,"(ZZ) Application to File Declaration of Intention, Form N-300. For filing an application for declaration of intention to become a U.S. citizen: $270."
N-300,2024-04-01,2024-01-31,320,89 FR 6194,2024-01427,https://www.federalregister.gov/documents/2024/01/31/2024-01427/us-citizenship-and-immigration-services-fee-schedule-and-changes-to-certain-other-immigration,"(1) Application to File Declaration of Intention, Form N-300. For a permanent resident to declare their intent to become a U.S. citizen. $320."
N-336,2010-11-23,2010-09-24,650,75 FR 58962,2010-23725,https://www.federalregister.gov/documents/2010/09/24/2010-23725/us-citizenship-and-immigration-services-fee-schedule,(WW) Request for a Hearing on a Decision in Naturalization Proceedings (under section 336 of the Act) (Form N-336). For filing a request for hearing on a decision in naturalization proceedings under section 336 of the Act: $650.
N-336,2016-12-23,2016-10-24,700,81 FR 73292,2016-25328,https://www.federalregister.gov/documents/2016/10/24/2016-25328/us-citizenship-and-immigration-services-fee-schedule,"(AAA) Request for a Hearing on a Decision in Naturalization Proceedings (Under section 336 of the Act), Form N-336. For filing a request for hearing on a decision in naturalization proceedings under section 336 of the Act: $700."
N-336,2024-04-01,2024-01-31,830,89 FR 6194,2024-01427,https://www.federalregister.gov/documents/2024/01/31/2024-01427/us-citizenship-and-immigration-services-fee-schedule-and-changes-to-certain-other-immigration,"(2) Request for a Hearing on a Decision in Naturalization Proceedings Under Section 336, Form N-336. To request a hearing before an immigration officer on the denial of Form N-400, Application for Naturalization. $830."
N-400,2010-11-23,2010-09-24,595,75 FR 58962,2010-23725,https://www.federalregister.gov/documents/2010/09/24/2010-23725/us-citizenship-and-immigration-services-fee-schedule,"(XX) Application for Naturalization (Form N-400). For filing an application for naturalization (other than such application filed on or after October  [...]  of the Act with respect to military service, for which no fee is charged): $595."
N-400,2016-12-23,2016-10-24,640,81 FR 73292,2016-25328,https://www.federalregister.gov/documents/2016/10/24/2016-25328/us-citizenship-and-immigration-services-fee-schedule,"(BBB) Application for Naturalization, Form N-400. For filing an application for naturalization: $640."
N-400,2024-04-01,2024-01-31,760,89 FR 6194,2024-01427,https://www.federalregister.gov/documents/2024/01/31/2024-01427/us-citizenship-and-immigration-services-fee-schedule-and-changes-to-certain-other-immigration,"(3) Application for Naturalization, Form N-400. To apply for U.S. citizenship. $760."
N-470,2004-04-30,2004-04-15,150,69 FR 20528,04-8699,https://www.federalregister.gov/documents/2004/04/15/04-8699/adjustment-of-the-immigration-benefit-application-fee-schedule,* * * * * Form N-470. For filing an application for benefits under section 316(b) or 317 of the Act--$150.
N-470,2007-07-30,2007-05-30,305,72 FR 29851,E7-10371,https://www.federalregister.gov/documents/2007/05/30/E7-10371/adjustment-of-the-immigration-and-naturalization-benefit-application-and-petition-fee-schedule,* * * * * Form N-470. For filing an application for benefits under section 316(b) or 317 of the Act--$305.
N-470,2010-11-23,2010-09-24,330,75 FR 58962,2010-23725,https://www.federalregister.gov/documents/2010/09/24/2010-23725/us-citizenship-and-immigration-services-fee-schedule,(YY) Application to Preserve Residence for Naturalization Purposes (Form N-470). For filing an application for benefits under section 316(b) or 317 of the Act: $330.
N-470,2016-12-23,2016-10-24,355,81 FR 73292,2016-25328,https://www.federalregister.gov/documents/2016/10/24/2016-25328/us-citizenship-and-immigration-services-fee-schedule,"(CCC) Application to Preserve Residence for Naturalization Purposes, Form N-470. For filing an application for benefits under section 316(b) or 317 of the Act: $355."
N-470,2024-04-01,2024-01-31,420,89 FR 6194,2024-01427,https://www.federalregister.gov/documents/2024/01/31/2024-01427/us-citizenship-and-immigration-services-fee-schedule-and-changes-to-certain-other-immigration,"(5) Application to Preserve Residence for Naturalization Purposes, Form N-470. Application for a lawful permanent resident who must leave the United States to preserve their residence to pursue naturalization. $420."
N-600K,2016-12-23,2016-10-24,1170,81 FR 73292,2016-25328,https://www.federalregister.gov/documents/2016/10/24/2016-25328/us-citizenship-and-immigration-services-fee-schedule,"(FFF) Application for Citizenship and Issuance of Certificate under section 322 of the Act, Form N-600K. For filing an application for citizenship and issuance of certificate under section 322 of the Act: $1,170."
N-600K,2024-04-01,2024-01-31,1385,89 FR 6194,2024-01427,https://www.federalregister.gov/documents/2024/01/31/2024-01427/us-citizenship-and-immigration-services-fee-schedule-and-changes-to-certain-other-immigration,"(8) Application for Citizenship and Issuance of Certificate Under Section 322, Form N-600K. Application for children who regularly reside outside the United States to apply for citizenship based on a U.S. citizen parent. $1,385."
